JLCPCB BOM Tool - BOM Matching,,,,,,,,,,,,,,,,,
BOM name：Atari-XT-JLCPCB Assembly Order.xlsx,,,Download Time：2026-07-17 00:27:52,,,,"* Our matching results are updated in real-time, but stock and prices may change. 
If it's been over 24 hours, please re-match before placing your order.",,,,,,,,,,
PCB Assembled Qty：5,,,Est. Total Price：88.0650,,,,,,,,,,,,,,
Your BOM,,,,,Matched Parts,,,,,,,Order Information,,,,,
Top Designator,Bottom Designator,Comment,Footprint,JLCPCB Part #,Matches,Part # ,Manufacturer,Footprint,Description,Category,Warning,JLCPCB Part #,Product link,Lib Type,Qty,Source,Total Price ($)
"C1,C2,C12,C13,C14,C15,C16,C19,C21,C23,C24,C31,C32,C33,C34,C35,C36,C37,C38,C45,C46,C47,C48,C51,C52,C55,C56,C62,C63",,0.1uF,0402,,Unconfirmed,CL05B104KO5NNNC,Samsung Electro-Mechanics,0402,100nF 16V X7R ±10% 0402 Multilayer Ceramic Capacitors MLCC - SMD/SMT ROHS,Multilayer Ceramic Capacitors MLCC - SMD/SMT,1.The comment (CL05B104KO5NNNC) of this part does not match the one (0.1uF) provided in your BOM. Please confirm;,C1525,https://jlcpcb.com/partdetail/1877-CL05B104KO5NNNC/C1525,Basic,155,155 JLCPCB,0.8215
"C3,C4,C5,C6,C7,C8,C9,C10",,47nF,GRM15x,,Select by Customer,0402B473K500NT,FH (Guangdong Fenghua Advanced Tech),0402,47nF 50V X7R ±10% 0402 Multilayer Ceramic Capacitors MLCC - SMD/SMT ROHS,Multilayer Ceramic Capacitors MLCC - SMD/SMT,,C82219,https://jlcpcb.com/partdetail/83376-0402B473K500NT/C82219,Extended,52,52 JLCPCB,0.6552
"C11,C18,C43,C44",,10uF,0402,,Select by Customer,CL05A106MP5NUNC,Samsung Electro-Mechanics,0402,10V 10uF X5R ±20% 0402 Multilayer Ceramic Capacitors MLCC - SMD/SMT ROHS,Multilayer Ceramic Capacitors MLCC - SMD/SMT,,C315248,https://jlcpcb.com/partdetail/297154-CL05A106MP5NUNC/C315248,Extended,32,32 JLCPCB,1.76
"C17,C20,C22,C49,C50,C57,C59",,1uF,0402,,Select by System,CL05A105KA5NQNC,Samsung Electro-Mechanics,0402,1uF 25V X5R ±10% 0402 Multilayer Ceramic Capacitors MLCC - SMD/SMT ROHS,Multilayer Ceramic Capacitors MLCC - SMD/SMT,,C52923,https://jlcpcb.com/partdetail/53938-CL05A105KA5NQNC/C52923,Basic,45,45 JLCPCB,1.1925
"C25,C26",,8.2pF,C0402,,Select by System,0402CG8R2C500NT,FH (Guangdong Fenghua Advanced Tech),0402,50V 8.2pF C0G 0402 Multilayer Ceramic Capacitors MLCC - SMD/SMT ROHS,Multilayer Ceramic Capacitors MLCC - SMD/SMT,,C1579,https://jlcpcb.com/partdetail/1931-0402CG8R2C500NT/C1579,Extended,20,20 JLCPCB,0.13
"C27,C28",,2.2uF,0402,,Select by System,CL05A225MQ5NSNC,Samsung Electro-Mechanics,0402,2.2uF 6.3V X5R ±20% 0402 Multilayer Ceramic Capacitors MLCC - SMD/SMT ROHS,Multilayer Ceramic Capacitors MLCC - SMD/SMT,,C12530,https://jlcpcb.com/partdetail/13164-CL05A225MQ5NSNC/C12530,Basic,20,20 JLCPCB,0.212
"C29,C30",,18pF,0402,,Select by System,0402CG180J500NT,FH (Guangdong Fenghua Advanced Tech),0402,18pF 50V C0G ±5% 0402 Multilayer Ceramic Capacitors MLCC - SMD/SMT ROHS,Multilayer Ceramic Capacitors MLCC - SMD/SMT,,C1549,https://jlcpcb.com/partdetail/1901-0402CG180J500NT/C1549,Basic,20,20 JLCPCB,0.158
"C39,C40,C41,C42",,120uF,CAPAE660X600N,,Select by Customer,VMMC0571C121MV,Ymin,"SMD,D6.3xL5.7mm","120uF 16V 5.7mm 6.3mm ±20% SMD,D6.3xL5.7mm Aluminum Electrolytic Capacitors - SMD ROHS",Aluminum Electrolytic Capacitors - SMD,,C487044,https://jlcpcb.com/partdetail/Ymin-VMMC0571C121MV/C487044,Extended,21,21 JLCPCB,2.9379
"C53,C54,C61",,10uF,CAPAE430X550N,,Select by Customer,RVT1C100M0405,Honor Elec,"SMD,D4xL5.4mm","-55℃~+105℃ 10uF 16V 2000hrs@105℃ 4mm 5.4mm ±20% SMD,D4xL5.4mm Aluminum Electrolytic Capacitors - SMD ROHS",Aluminum Electrolytic Capacitors - SMD,,C3357,https://jlcpcb.com/partdetail/HonorElec-RVT1C100M0405/C3357,Extended,23,23 JLCPCB,0.6509
"C58,C60",,1nF,0402,,Select by System,0402B102K500NT,FH (Guangdong Fenghua Advanced Tech),0402,1nF 50V X7R ±10% 0402 Multilayer Ceramic Capacitors MLCC - SMD/SMT ROHS,Multilayer Ceramic Capacitors MLCC - SMD/SMT,,C1523,https://jlcpcb.com/partdetail/1875-0402B102K500NT/C1523,Basic,20,20 JLCPCB,0.23
D1,,1N4148W-V-GS08,SOD-123,,Select by Customer,1N4148W,ST(Semtech),SOD-123,150mA 1A 1V@50mA 1uA@75V 400mW 4ns 75V Independent SOD-123 Switching Diodes ROHS,Switching Diodes,,C81598,https://jlcpcb.com/partdetail/ST_Semtech-1N4148W/C81598,Basic,15,15 JLCPCB,0.1755
"IC1,IC2,IC5",,SN74CB3T16210DGGR,SOP50P810X120-48N,,Select by System,SN74CB3T16210DGGR,Texas Instruments,TSSOP-48-6.1mm,"-40℃~+85℃ 0.25ns@3.3V,50pF 2.3V~3.6V 40uA Single Supply TSSOP-48-6.1mm Signal Switches, Multiplexers, Decoders ROHS","Signal Switches, Multiplexers, Decoders",,C2674635,https://jlcpcb.com/partdetail/TexasInstruments-SN74CB3T16210DGGR/C2674635,Extended,15,15 My Parts,0
IC3,,STM32F411VET6U,QFP50P1600X1600X160-100N,,Select by Customer,STM32F411VET6,STMicroelectronics,LQFP-100(14x14),-40℃~+85℃ 1.7V~3.6V 100MHz 128KB 12bit 32 Bit 512KB 81 ARM Cortex-M4 Built-in FLASH LQFP-100(14x14) Microcontrollers (MCU/MPU/SOC) ROHS,Microcontrollers (MCU/MPU/SOC),,C382005,https://jlcpcb.com/partdetail/STMicroelectronics-STM32F411VET6/C382005,Extended,5,5 My Parts,0
IC4,,AP2112K-3.3,SOT95P285X140-5N,,Select by System,AP2112K-3.3TRG1,Diodes Incorporated,SOT-25-5,"-40℃~+85℃@(Ta) 1 250mV@(600mA) 3.3V 50uVrms 55uA 600mA 65dB@(1kHz) 6V Fixed Over Current Protection、Thermal Shutdown、Enable control Positive SOT-25-5 Voltage Regulators - Linear, Low Drop Out (LDO) Regulators ROHS","Voltage Regulators - Linear, Low Drop Out (LDO) Regulators",,C51118,https://jlcpcb.com/partdetail/DiodesIncorporated-AP2112K_33TRG1/C51118,Extended,7,7 JLCPCB,1.0941
IC6,,USB2514B_M2,QFN50P600X600X100-37N-D,,Select by System,USB2514B/M2,Microchip Tech,SQFN-36-EP(6x6),0℃~+85℃ 3.3V 4 Hub I2C USB 2.0 SQFN-36-EP(6x6) USB HUB Controllers ROHS,USB Converters,,C220807,https://jlcpcb.com/partdetail/MicrochipTech-USB2514BM2/C220807,Extended,5,5 JLCPCB,14.934
"IC7,IC8,IC10,IC11",,TPS2051BDBVR,SOT95P280X145-5N,,Select by System,TPS2051BDBVR,Texas Instruments,SOT-23-5,-40℃~+85℃ 1 2.7V~5.5V 500mA 95mΩ Active High High Side Switch Short-Circuit  Protection(SCP)、Overcurrent Protection(OCP)、Overtemperature protection (OTP) SOT-23-5 Power Distribution Switches ROHS,Power Distribution Switches,,C24593,https://jlcpcb.com/partdetail/TexasInstruments-TPS2051BDBVR/C24593,Extended,20,20 JLCPCB,4.242
IC9,,6N138,DIP762W60P254L976H480Q8N,,Select by Customer,6N138M,"UMW(Youtai Semiconductor Co., Ltd.)",DIP-8,-500mV~18V -55℃~+100℃ 1 1.28V 15us 18V 1kV/us 200mW 25mA 300% 35us 5V 5kV 60mA DC Output enable control DIP-8 Logic Output Optoisolators ROHS,Logic Output Optoisolators,,C3001991,https://jlcpcb.com/partdetail/3486698-6N138M/C3001991,Extended,5,5 JLCPCB,1.7115
IC12,,MC74HCT125ADR2G,SOIC127P600X175-14N,,Select by System,MC74HCT125ADR2G,onsemi,SOIC-14,"-55℃~+125℃ 1 160uA 27ns@5V,50pF 2V~6V 4 6mA 6mA 74HCT Output enable Tri-State Unidirectional SOIC-14 Buffers, Drivers, Receivers, Transceivers ROHS","Buffers, Drivers, Receivers, Transceivers",,C185605,https://jlcpcb.com/partdetail/onsemi-MC74HCT125ADR2G/C185605,Extended,5,5 My Parts,0
IC13,,PCM1808PWR,PCM1808PWR,,Select by System,PCM1808PWR,Texas Instruments,TSSOP-14,-40℃~+85℃ 1uA、150uA 2 24 4.5V~5.5V 49.152MHz 96000Hz Audio Analog-to-Digital Converter I2S TSSOP-14 ADCs/DACs - Special Purpose ROHS,ADCs/DACs - Special Purpose,,C55513,https://jlcpcb.com/partdetail/TexasInstruments-PCM1808PWR/C55513,Extended,5,5 JLCPCB,3.669
IC14,,SN74HC138PWR,SOP65P640X120-16N,,Select by System,SN74HC138PWR,Texas Instruments,TSSOP-16,"-40℃~+85℃ 2V~6V 3/8 38ns@6V,50pF 5.2mA 5.2mA 80uA Single Supply TSSOP-16 Signal Switches, Multiplexers, Decoders ROHS","Signal Switches, Multiplexers, Decoders",,C157527,https://jlcpcb.com/partdetail/TexasInstruments-SN74HC138PWR/C157527,Extended,5,5 JLCPCB,1.2285
J3,,47053-1000,470531000,,Select by Customer,470531000,MOLEX,"插件,P=2.54mm","1 10.2mm 1x4P 2.54mm 4 4P 5.84mm 7.5mm Copper alloy PA Through Hole Tin UL94V-2 White 插件,P=2.54mm Wire To Board Connector ROHS",Wire To Board Connector,,C240840,https://jlcpcb.com/partdetail/MOLEX-470531000/C240840,Extended,5,5 JLCPCB,0.909
J7,,5650118-1,56501181,,Select by Customer,5650118-1,TE Connectivity,插件,插件 Edgeboard Connectors ROHS,,,C5164561,https://jlcpcb.com/partdetail/TEConnectivity-56501181/C5164561,Extended,5,5 My Parts,0
"J9,J10",,USB-AP-S-RA,USBAPSRA,,Select by System,USB-AP-S-RA,ADAM TECH,插件,-20℃~+60℃ 1 1.5A 18.8mm 30V 6P Male Right Angle Type-A 插件 USB Connectors ROHS,USB Connectors,,C5299681,https://jlcpcb.com/partdetail/ADAMTECH-USB_AP_SRA/C5299681,Extended,10,10 My Parts,0
"J11,J12,J14,J15,J16",,10018784-10201TLF,1001878410201TLF,,Select by System,10018784-10201TLF,Amphenol ICC,插件,-55℃~+85℃ 1mm 64P Copper alloy Gold Through Hole 插件 Edgeboard Connectors ROHS,Edgeboard Connectors,,C598489,https://jlcpcb.com/partdetail/AmphenolICC-1001878410201TLF/C598489,Extended,25,25 JLCPCB,12.58
J13,,PR20204VBNN,HDRV4W64P0X254_1X4_1016X250X860P,,Select by Customer,HX PZ2.54-1x4P ZZ,hanxia,"插件,P=2.54mm","-40℃~+105℃ 1 1kV 1x4P 2.54mm 2.5mm 3A 3mm 4P 6mm Black Brass Gold Pin Header Through Hole Plugin,P=2.54mm Pin Headers ROHS",Pin Headers,1.The comment (HX PZ2.54-1x4P ZZ) of this part does not match the one (PR20204VBNN) provided in your BOM. Please confirm;,C32713270,https://jlcpcb.com/partdetail/hanxia-HX_PZ2_54_1x4PZZ/C32713270,Extended,6,6 JLCPCB,0.1668
J17,,FTSH-105-01-L-DV-K,FTSH10501LDVK,,Select by System,FTSH-105-01-L-DV-K,Samtec,"SMD,P=1.27mm","-55℃~+125℃ 1.27mm 10P 2 2x5P 3.05mm 3.4A Black Gold Phosphor bronze Pin Header Surface Mount,Vertical SMD,P=1.27mm Pin Headers ROHS",Pin Headers,,C5155080,https://jlcpcb.com/partdetail/Samtec-FTSH_105_01_L_DVK/C5155080,Extended,5,5 JLCPCB,7.1045
"J18,J19,J20",,PJ-320E,PJ320E,,Select by System,PJ-320E,HOOYA,插件,3.5mm Headphone Jack Brass Silver Plugin Audio Connectors ROHS,Audio Connectors (Headphones),,C2939183,https://jlcpcb.com/partdetail/HOOYA-PJ320E/C2939183,Extended,15,15 JLCPCB,1.9725
J21,,KLDX-0202-BC,KLDX0202BC,,Select by System,KLDX-0202-BC,Kycon,插件,-25℃~+85℃ 2.5mm 24V 3.5A 6.4mm DC Power Jack Right Angle 插件 DC Power Connectors ROHS,Global Sourcing Parts,,C19842599,https://jlcpcb.com/partdetail/Kycon-KLDX_0202BC/C19842599,Extended,5,5 My Parts,0
"JY1,JY2,JY3,JY4",,DE09-PL-25,DE09PL25,,Select by System,DE09-PL-25,ADAM TECH,弯插,-40℃~+105℃ 1A 2 250V 9P Black Male Right Angle Standard D-Sub 弯插 D-Sub / VGA Connectors ROHS,D-Sub / VGA Connectors,,C17613504,https://jlcpcb.com/partdetail/ADAMTECH-DE09_PL25/C17613504,Extended,20,20 My Parts,0
"R1,R2,R3,R4,R5,R6,R7,R8",,1K,0402,,Unconfirmed,0402WGF1001TCE,UNI-ROYAL(Uniroyal Elec),0402,-55℃~+155℃ 1kΩ 50V 62.5mW Thick Film Resistor ±1% ±100ppm/℃ 0402 Chip Resistor - Surface Mount ROHS,Chip Resistor - Surface Mount,1.The comment (0402WGF1001TCE) of this part does not match the one (1K) provided in your BOM. Please confirm;,C11702,https://jlcpcb.com/partdetail/12256-0402WGF1001TCE/C11702,Basic,50,50 JLCPCB,0.4
"R9,R11,R17,R18,R19,R20,R51,R52,R54,R60,R61,R62,R63,R64,R65,R66",,10K,0402,,Select by Customer,0402WGF1002TCE,UNI-ROYAL(Uniroyal Elec),0402,-55℃~+155℃ 10kΩ 50V 62.5mW Thick Film Resistor ±1% ±100ppm/℃ 0402 Chip Resistor - Surface Mount ROHS,Chip Resistor - Surface Mount,1.The comment (0402WGF1002TCE) of this part does not match the one (10K) provided in your BOM. Please confirm;,C25744,https://jlcpcb.com/partdetail/26487-0402WGF1002TCE/C25744,Basic,90,90 JLCPCB,0.828
"R10,R13,R14,R15,R16",,100K,0402,,Unconfirmed,0402WGF1003TCE,UNI-ROYAL(Uniroyal Elec),0402,-55℃~+155℃ 100kΩ 50V 62.5mW Thick Film Resistor ±1% ±100ppm/℃ 0402 Chip Resistor - Surface Mount ROHS,Chip Resistor - Surface Mount,1.The comment (0402WGF1003TCE) of this part does not match the one (100K) provided in your BOM. Please confirm;,C25741,https://jlcpcb.com/partdetail/26484-0402WGF1003TCE/C25741,Basic,35,35 JLCPCB,0.2275
R12,,"12K,1%",0402,,Select by Customer,0402WGF1202TCE,UNI-ROYAL(Uniroyal Elec),0402,-55℃~+155℃ 12kΩ 50V 62.5mW Thick Film Resistor ±1% ±100ppm/℃ 0402 Chip Resistor - Surface Mount ROHS,Chip Resistor - Surface Mount,"1.The comment (0402WGF1202TCE) of this part does not match the one (12K,1%) provided in your BOM. Please confirm;",C25752,https://jlcpcb.com/partdetail/26495-0402WGF1202TCE/C25752,Basic,20,20 JLCPCB,0.136
"R21,R23,R24,R25,R26,R28,R29,R67",,"220R,1/8W",0803,,Select by Customer,0805W8F2200T5E,UNI-ROYAL(Uniroyal Elec),0805,-55℃~+155℃ 125mW 150V 220Ω Thick Film Resistor ±1% ±100ppm/℃ 0805 Chip Resistor - Surface Mount ROHS,Chip Resistor - Surface Mount,,C17557,https://jlcpcb.com/partdetail/18245-0805W8F2200T5E/C17557,Basic,50,50 JLCPCB,0.235
"R22,R39,R40,R41,R42,R43,R44,R45,R46,R47,R48,R49,R50,R53,R55,R56,R57,R58,R59",,4.7K,0402,,Unconfirmed,0402WGF4701TCE,UNI-ROYAL(Uniroyal Elec),0402,-55℃~+155℃ 4.7kΩ 50V 62.5mW Thick Film Resistor ±1% ±100ppm/℃ 0402 Chip Resistor - Surface Mount ROHS,Chip Resistor - Surface Mount,1.The comment (0402WGF4701TCE) of this part does not match the one (4.7K) provided in your BOM. Please confirm;,C25900,https://jlcpcb.com/partdetail/26643-0402WGF4701TCE/C25900,Basic,105,105 JLCPCB,0.7035
"R27,R30,R31,R32,R33,R34,R35,R36,R37,R38",,33R,CRCW0402200KFKED,,Select by Customer,0402WGF330JTCE,UNI-ROYAL(Uniroyal Elec),0402,-55℃~+155℃ 33Ω 50V 62.5mW Thick Film Resistor ±1% ±100ppm/℃ 0402 Chip Resistor - Surface Mount ROHS,Chip Resistor - Surface Mount,,C25105,https://jlcpcb.com/partdetail/25848-0402WGF330JTCE/C25105,Basic,60,60 JLCPCB,0.402
"U1,U4",,MPZ1608S601A,0603,,Select by System,MPZ1608S601ATA00,TDK,0603,-55℃~+125℃ 1 150mΩ 1A 600Ω@100MHz ±25% 0603 Ferrite Beads ROHS,Ferrite Beads,,C107335,https://jlcpcb.com/partdetail/TDK-MPZ1608S601ATA00/C107335,Extended,20,20 JLCPCB,0.36
"U2,U5",,M55-7008042R,M55-7008042R,,Select by System,M55-7008042R,Harwin,"SMD,P=1.27mm","-55℃~+125℃ 1.27mm 1.27mm 1.2A 100V 2 2x40P 40 80P LCP Phosphor bronze Surface Mount,Vertical Tin UL94V-0 SMD,P=1.27mm Wire To Board Connector ROHS",Wire To Board Connector,,C17577269,https://jlcpcb.com/partdetail/Harwin-M557008042R/C17577269,Extended,10,10 JLCPCB,22.853
Y1,,8MHz,C3E,,Select by Customer,7B008000F01,HD,SMD3225-4P,8MHz 8pF Crystal Oscillator ±10ppm ±20ppm SMD3225-4P Crystals ROHS,Crystals,,C648984,https://jlcpcb.com/partdetail/HD-7B008000F01/C648984,Extended,7,7 JLCPCB,1.0941
Y2,,24MHz,RH10024000181020EXTTR,,Select by Customer,OT2EL4C4JI-111OLP-24M,YXC Crystal Oscillators,SMD3225-4P,-40℃~+85℃ 1.8V~3.3V 24MHz CMOS ±10ppm ±20ppm SMD3225-4P Crystal Oscillators ROHS,Crystal Oscillators,,C5203548,https://jlcpcb.com/partdetail/5892910-OT2EL4C4JI_111OLP24M/C5203548,Extended,5,5 JLCPCB,2.2905